partner,date,activity,type,mdf_spent,leads,opportunities,pipeline_usd,marketplace_deals
Northwind Search,2026-05-06,Search relevance webinar,Demand,8000,96,7,420000,0
Northwind Search,2026-05-14,Paid digital campaign: retail personas,Demand,12000,141,5,310000,0
Northwind Search,2026-05-21,"Executive dinner, Toronto",Demand,15000,18,6,780000,1
Northwind Search,2026-05-27,Seller enablement: cloud retail team,Enablement,0,0,3,260000,0
Northwind Search,2026-05-29,"Private offer, distributor",Acceleration,0,0,1,190000,2
Bluepeak Vault,2026-05-08,"Security leaders roundtable, Montreal",Demand,12000,22,4,350000,0
Bluepeak Vault,2026-05-15,Ransomware readiness webinar,Demand,6000,64,1,40000,0
Bluepeak Vault,2026-05-20,Paid social: IT managers,Demand,9000,38,0,0,0
Bluepeak Vault,2026-05-28,Marketplace listing refresh,Acceleration,0,0,2,120000,1
Cedar CX,2026-05-05,Contact center AI workshop with SI partner,Demand,10000,34,6,540000,0
Cedar CX,2026-05-12,Gen AI for CX webinar,Demand,5000,118,4,220000,0
Cedar CX,2026-05-19,"Industry event booth, Vancouver",Demand,18000,75,2,90000,0
Cedar CX,2026-05-26,Customer story launch,Awareness,0,0,0,0,0
Cedar CX,2026-05-30,Private offer with distributor,Acceleration,0,0,1,160000,1
