function,process,pain_today,ai_pattern,human_role,ai_role,system_role,opportunity,readiness,ai_status,where_ive_done_this
Partnerships,Joint marketing plans (JMPs),Each partner plan written from scratch,Draft from template + partner data,Sets goals and negotiates with the partner,Drafts the plan from goals and past results,CRM and shared tracker hold the plan,5,5,Rebuilt with AI,"AWS Canada via The Channel Company (2024-26): JMPs for 19 ISV partners; AI prompt workflows cut JMP/MBR production time ~60%"
Partnerships,Partner monthly business reviews,KPI tables and narrative built by hand each month,Calculate + summarize,Verifies and owns the recommendations,Drafts the review from checked KPIs,Activity tracker is the source of truth,5,5,Rebuilt with AI,"AWS Canada: monthly partner MBRs; rebuilt here as prototype 01 (MBR Copilot)"
Partnerships,MDF requests and claims,Requests and proof of execution checked manually,Check + flag,Approves funding and exceptions,Checks requests against rules and flags gaps,Funding portal records approvals and claims,4,4,Manual today,"AWS Canada: managed MDF across the portfolio; 89.6% utilization set as the team benchmark"
Partnerships,Co-sell opportunity registration,Opportunities registered late or incomplete,Extract + draft,Qualifies the deal,Pre-fills registration from call notes,Co-sell system tracks the opportunity,4,3,Manual today,"AWS Canada: ACE co-sell pipeline generation with ISV partners"
Partnerships,Marketplace private offers,Offer details assembled across three parties,Checklist + draft,Negotiates terms,Drafts offer summary and checks missing fields,Marketplace portal issues the offer,3,3,Manual today,"AWS Canada: brokered CPPO/SPPO private offers between ISVs and Canadian distributors"
Partnerships,Partner recruitment and fit scoring,Partner fit judged case by case,Research + score,Decides who to recruit,Researches candidates and scores fit,CRM stores partner profiles,4,3,Manual today,"Hornetsecurity (2020-23): built MSSP channel across Canada; Neuro Plus: 3 partnership placements vs 1 baseline"
Marketing,Partner and co-marketing events,Planning and follow-up rebuilt for every event,Draft + route,Owns agenda and key relationships,Drafts invitations and personalized follow-ups,Marketing automation sends and tracks,4,4,Manual today,"AWS Canada: partner events in North America, Europe and Asia; Neuro Plus: event participation up 300% (3 to 9)"
Marketing,Email campaign variants,Every segment needs its own version,Draft,Owns message and approves,Drafts variants per segment,Email platform sends and measures,4,5,AI-assisted,"Neuro Plus (2023-24): AI-augmented outreach; email campaigns grew 5x to 1,150 contacts"
Marketing,Customer success stories,Interviews and drafts take weeks,Summarize + draft,Interviews and gets approvals,Turns interview notes into a first draft,Content library publishes,4,4,Manual today,"AWS Canada: co-developed six published customer success stories"
Marketing,Three-way co-marketing briefs,Briefs aligned by email across ISV + SI + cloud,Draft,Aligns the three parties,Drafts the brief from each party's inputs,Shared workspace holds versions,3,4,Manual today,"AWS Canada: Power of Three (ISV + SI + AWS) co-marketing events"
Sales,Personalized social selling,Generic messages get ignored,Draft + personalize,Sends every message and owns the relationship,Drafts notes and follow-ups from public signals,LinkedIn and CRM log the activity,5,5,Rebuilt with AI,"Neuro Plus: LinkedIn conversations tripled to 119; 56% lead-to-meeting; SSI top 1%; rebuilt as prototype 05"
Sales,Account research before first call,30-45 minutes per account across many sources,Summarize,Chooses the angle and runs the call,Builds a one-page brief with sources,CRM stores the brief,4,4,AI-assisted,"Neuro Plus: AI-augmented prospecting research for outreach"
Sales,Pipeline visibility and hygiene,Stale deals distort the forecast,Detect + nudge,Updates or closes deals,Finds stale deals and drafts update prompts,CRM dashboards,4,4,Manual today,"Hornetsecurity: as Salesforce admin built dashboards for all business units; pipeline visibility +30%, 13% more closed deals"
Sales,Demo preparation and follow-up,Each demo prepared and recapped by hand,Draft,Runs the demo,Drafts tailored agenda and recap email,CRM logs next steps,4,4,Manual today,"Neuro Plus: demos up 4.6x (10 to 46); pipeline +40%"
Customer Success,Account and partner reviews,History pulled from several tools before each review,Summarize,Sets the narrative and the asks,Drafts account summary and risks,CRM and usage data,4,3,AI-assisted,"AWS Canada: VP-level partner reviews; Hornetsecurity: executive-level customer engagement"
Customer Success,Expansion and renewal signals,Growth opportunities found too late,Detect + explain,Decides the play,Flags expansion signals and explains why,CRM triggers the playbook,4,3,Manual today,"Hornetsecurity: net new ARR +33% ($2.2M to $2.95M CAD) through territory expansion and MSSP development"
Customer Success,Customer enablement and training,Same training rebuilt for each audience,Draft + adapt,Delivers and coaches,Adapts content to role and level,Learning platform tracks completion,4,4,AI-assisted,"AI literacy trainer for professionals; train-the-trainer background; AWS seller enablement"
Customer Success,Customer FAQ assistant,Same questions answered again and again,Answer + ground,Owns answers and escalations,Answers from approved docs with citations,Knowledge base is the source,4,4,Rebuilt with AI,"AI-Fractional: custom GPTs, AI agents and MCP connectors built for my own workflows"
