date,event,type,contacts_met
2023-11-15,Montreal cybersecurity conference (booth),Conference,5
2024-01-30,"Webinar: Neurodiversity at work, turning challenges into opportunities",Webinar (hosted),5
2024-02-21,"MSP peer group breakfast, Laval",Networking,5
2024-03-19,Webinar: Recruiting strategies for neurodiversity,Webinar (hosted),5
2024-04-17,Quebec IT services association meetup,Networking,4
2024-05-08,Diversity and inclusion in tech forum,Panel,4
2024-06-05,Cybersecurity talent and workforce summit,Conference,4
2024-06-26,Webinar: Cognitive diversity as a business advantage,Webinar (hosted),4
2024-09-18,"MSSP partner day, Montreal",Networking,4
